Isabelle,Brunel,Biarritz,France,2017,Java
Thibaut,Bouchet,Biarritz,France,2017,Java
Emmanuelle,Mercier,Biarritz,France,2017,JavaScript
Stéphanie,Maillard,Biarritz,France,2017,Java
Eugène,Didier,Biarritz,France,2017,PHP
Michelle,Legros,Biarritz,France,2017,Java
Catherine,Marin,Biarritz,France,2017,Java
Benoît,Descamps,Biarritz,France,2017,PHP
Robert,Delorme,Biarritz,France,2017,PHP
Charlotte,Tanguy,Biarritz,France,2017,PHP
Théodore,Levy,Biarritz,France,2017,Java
Thierry,Alexandre,Biarritz,France,2017,JavaScript
Renée,Pasquier,Biarritz,France,2017,Java
Gilbert,Lemaire,Biarritz,France,2017,Java
Édith,Turpin,Biarritz,France,2017,JavaScript
Dominique,Briand,Biarritz,France,2017,PHP
Frédérique,Rodrigues,Biarritz,France,2017,Java
Dominique,Guyot,Biarritz,France,2017,PHP
Michel,Riou,Biarritz,France,2017,Java
Chantal,Caron,Biarritz,France,2017,JavaScript
Pénélope,Paris,Biarritz,France,2017,JavaScript
Christelle,Vallet,Biarritz,France,2017,JavaScript
Jérôme,Hoarau,Biarritz,France,2017,PHP
Daniel,Roy,Biarritz,France,2017,JavaScript
Hélène,Hoarau,Biarritz,France,2017,Java
Martine,Bailly,Biarritz,France,2018,PHP
Théodore,Regnier,Biarritz,France,2018,JavaScript
Benjamin,Tanguy,Biarritz,France,2018,JavaScript
Timothée,Gaudin,Biarritz,France,2018,PHP
Élisabeth,Bonnet,Biarritz,France,2018,Java
Agnès,Robin,Biarritz,France,2018,PHP
Hélène,David,Biarritz,France,2018,Java
Arthur,Bruneau,Biarritz,France,2018,JavaScript
Noël,Marechal,Biarritz,France,2018,PHP
Christophe,Deschamps,Biarritz,France,2018,PHP
Lorraine,Dumas,Biarritz,France,2018,Java
Sébastien,Ferreira,Biarritz,France,2018,JavaScript
Charlotte,Roche,Biarritz,France,2018,JavaScript
François,Prevost,Biarritz,France,2018,Java
Thierry,Blanchard,Biarritz,France,2018,Java
Philippe,Barbe,Biarritz,France,2018,Java
Édouard,Bonnin,Biarritz,France,2018,Java
Susanne,Rousseau,Biarritz,France,2018,PHP
Catherine,Robin,Biarritz,France,2018,Java
Bernard,Guillot,Biarritz,France,2018,Java
Colette,Bouvier,Biarritz,France,2018,JavaScript
Antoine,Morvan,Biarritz,France,2018,Java
Alfred,"Da Silva",Biarritz,France,2018,JavaScript
Joséphine,"De Oliveira",Biarritz,France,2018,Java
Isabelle,Samson,Biarritz,France,2018,Java
Lucas,Lefort,Biarritz,France,2019,Java
Vincent,Sanchez,Biarritz,France,2019,JavaScript
Yves,Marie,Biarritz,France,2019,JavaScript
Laure,Gaudin,Biarritz,France,2019,PHP
Alphonse,Leleu,Biarritz,France,2019,JavaScript
Adrien,Maillard,Biarritz,France,2019,Java
Laurence,Lemaire,Biarritz,France,2019,JavaScript
Marcel,Olivier,Biarritz,France,2019,JavaScript
Victor,Lopez,Biarritz,France,2019,JavaScript
Michel,David,Biarritz,France,2019,JavaScript
Philippine,Lefevre,Biarritz,France,2019,Java
David,Daniel,Biarritz,France,2019,Java
Arnaude,Barbier,Biarritz,France,2019,Java
Théodore,Bousquet,Biarritz,France,2019,JavaScript
Andrée,Berthelot,Biarritz,France,2019,JavaScript
William,Gaudin,Biarritz,France,2019,Java
Léon,Jacquet,Biarritz,France,2019,JavaScript
Gilles,Louis,Biarritz,France,2019,Java
Laetitia,Schneider,Biarritz,France,2019,JavaScript
Madeleine,Coste,Biarritz,France,2019,Java
Inès,Descamps,Biarritz,France,2019,PHP
Roger,Normand,Biarritz,France,2019,PHP
Élisabeth,Laporte,Biarritz,France,2019,PHP
Laurent,"Le Roux",Biarritz,France,2019,PHP
Thérèse,Guyot,Biarritz,France,2019,JavaScript
Anastasie,Moulin,Bordeaux,France,2017,JavaScript
Adrienne,Bouvier,Bordeaux,France,2017,JavaScript
Zacharie,Lenoir,Bordeaux,France,2017,PHP
Chantal,Lefevre,Bordeaux,France,2017,Java
Thierry,Wagner,Bordeaux,France,2017,JavaScript
Charlotte,Bouvet,Bordeaux,France,2017,PHP
Noémi,Seguin,Bordeaux,France,2017,Java
Dominique,Bourdon,Bordeaux,France,2017,PHP
Alphonse,Samson,Bordeaux,France,2017,PHP
Benjamin,Schmitt,Bordeaux,France,2017,PHP
Tristan,Guerin,Bordeaux,France,2017,Java
Suzanne,Legros,Bordeaux,France,2017,Java
Maurice,Bigot,Bordeaux,France,2017,JavaScript
Claude,Coulon,Bordeaux,France,2017,Java
Richard,Herve,Bordeaux,France,2017,JavaScript
Renée,Vasseur,Bordeaux,France,2017,Java
Nath,Diallo,Bordeaux,France,2017,PHP
Louis,Camus,Bordeaux,France,2017,PHP
Thierry,Garcia,Bordeaux,France,2017,PHP
Nathalie,Paris,Bordeaux,France,2017,PHP
Daniel,Pierre,Bordeaux,France,2017,JavaScript
Emmanuelle,Hernandez,Bordeaux,France,2017,PHP
Eugène,Sauvage,Bordeaux,France,2017,Java
Timothée,Riviere,Bordeaux,France,2017,Java
David,Leger,Bordeaux,France,2017,PHP
Frédérique,Moulin,Bordeaux,France,2018,PHP
Alphonse,Baudry,Bordeaux,France,2018,JavaScript
Aimée,Collin,Bordeaux,France,2018,Java
Hélène,Vincent,Bordeaux,France,2018,PHP
David,Dupuis,Bordeaux,France,2018,PHP
Inès,Gimenez,Bordeaux,France,2018,PHP
Thomas,Dupre,Bordeaux,France,2018,JavaScript
Benjamin,Labbe,Bordeaux,France,2018,PHP
Daniel,Vincent,Bordeaux,France,2018,Java
Éric,Pages,Bordeaux,France,2018,PHP
Louise,Thomas,Bordeaux,France,2018,Java
Suzanne,Nguyen,Bordeaux,France,2018,Java
Stéphanie,Gaillard,Bordeaux,France,2018,JavaScript
Thérèse,Charrier,Bordeaux,France,2018,PHP
Noël,Martin,Bordeaux,France,2018,PHP
Roland,Gros,Bordeaux,France,2018,PHP
Thibaut,Bouvet,Bordeaux,France,2018,JavaScript
Paulette,Gomes,Bordeaux,France,2018,Java
Alexandria,Gomes,Bordeaux,France,2018,JavaScript
Alexandrie,Costa,Bordeaux,France,2018,PHP
Rémy,Begue,Bordeaux,France,2018,JavaScript
Emmanuel,Weiss,Bordeaux,France,2018,PHP
Margaret,Guillet,Bordeaux,France,2018,JavaScript
Célina,Mallet,Bordeaux,France,2018,JavaScript
Hortense,Chevallier,Bordeaux,France,2018,Java
Michèle,Payet,Bordeaux,France,2019,JavaScript
Théophile,Blanc,Bordeaux,France,2019,PHP
Louis,Leroux,Bordeaux,France,2019,Java
Julie,Charrier,Bordeaux,France,2019,PHP
Roland,Laurent,Bordeaux,France,2019,Java
Élodie,Moreau,Bordeaux,France,2019,PHP
Renée,Guilbert,Bordeaux,France,2019,PHP
Clémence,Dias,Bordeaux,France,2019,Java
Mathilde,Georges,Bordeaux,France,2019,JavaScript
Xavier,Bousquet,Bordeaux,France,2019,Java
Antoinette,Rolland,Bordeaux,France,2019,JavaScript
Franck,Bertrand,Bordeaux,France,2019,JavaScript
Marcel,Michaud,Bordeaux,France,2019,Java
Sébastien,Lemaire,Bordeaux,France,2019,Java
Georges,Perrot,Bordeaux,France,2019,JavaScript
Maryse,Letellier,Bordeaux,France,2019,JavaScript
Pénélope,Leclerc,Bordeaux,France,2019,JavaScript
Roland,Thierry,Bordeaux,France,2019,JavaScript
Marcel,Girard,Bordeaux,France,2019,JavaScript
Zoé,Barbier,Bordeaux,France,2019,Java
Margot,Maillard,Bordeaux,France,2019,PHP
Grégoire,Gallet,Bordeaux,France,2019,JavaScript
Xavier,Launay,Bordeaux,France,2019,JavaScript
Benjamin,Morel,Bordeaux,France,2019,Java
Léon,Cordier,Bordeaux,France,2019,JavaScript
Stéphanie,Collet,"La Loupe",France,2017,JavaScript
Auguste,Fouquet,"La Loupe",France,2017,Java
Zoé,Prevost,"La Loupe",France,2017,JavaScript
Eugène,Garnier,"La Loupe",France,2017,PHP
Louis,Brun,"La Loupe",France,2017,PHP
Gilbert,Renaud,"La Loupe",France,2017,JavaScript
Valentine,Ledoux,"La Loupe",France,2017,Java
Alexandre,Traore,"La Loupe",France,2017,Java
Xavier,Bonnin,"La Loupe",France,2017,JavaScript
Marc,Lombard,"La Loupe",France,2017,PHP
Lucas,Launay,"La Loupe",France,2017,JavaScript
Roger,Bonnet,"La Loupe",France,2017,PHP
Charlotte,Hubert,"La Loupe",France,2017,PHP
Bertrand,Gerard,"La Loupe",France,2017,PHP
Christiane,Vincent,"La Loupe",France,2017,Java
Roger,Dias,"La Loupe",France,2017,JavaScript
Léon,Bonnet,"La Loupe",France,2017,Java
Dorothée,Dijoux,"La Loupe",France,2017,Java
Anouk,Devaux,"La Loupe",France,2017,JavaScript
Gilles,Couturier,"La Loupe",France,2017,JavaScript
Suzanne,Millet,"La Loupe",France,2017,JavaScript
Sabine,Cousin,"La Loupe",France,2017,PHP
Charlotte,Poulain,"La Loupe",France,2017,JavaScript
Louis,Mahe,"La Loupe",France,2017,Java
Xavier,Martinez,"La Loupe",France,2017,Java
Claude,Albert,"La Loupe",France,2018,Java
Jacqueline,Cordier,"La Loupe",France,2018,PHP
Bertrand,Leveque,"La Loupe",France,2018,PHP
Matthieu,Pires,"La Loupe",France,2018,Java
Aurélie,Dupuis,"La Loupe",France,2018,PHP
Patricia,Boyer,"La Loupe",France,2018,PHP
Thibaut,Nguyen,"La Loupe",France,2018,JavaScript
Célina,Parent,"La Loupe",France,2018,JavaScript
André,Gilles,"La Loupe",France,2018,JavaScript
Pénélope,Hamel,"La Loupe",France,2018,Java
Raymond,Normand,"La Loupe",France,2018,PHP
Alexandria,Duhamel,"La Loupe",France,2018,JavaScript
Marie,Mahe,"La Loupe",France,2018,PHP
Louis,Jacquet,"La Loupe",France,2018,Java
Michèle,Barthelemy,"La Loupe",France,2018,Java
Camille,Marchal,"La Loupe",France,2018,PHP
Guy,Petit,"La Loupe",France,2018,JavaScript
David,Masson,"La Loupe",France,2018,PHP
Noël,Duhamel,"La Loupe",France,2018,JavaScript
Odette,Lebreton,"La Loupe",France,2018,JavaScript
Patricia,Courtois,"La Loupe",France,2018,PHP
Luc,Pires,"La Loupe",France,2018,PHP
Gilles,Chevallier,"La Loupe",France,2018,JavaScript
Élise,Samson,"La Loupe",France,2018,PHP
Luc,Boulanger,"La Loupe",France,2018,JavaScript
Aurélie,Fernandes,"La Loupe",France,2019,Java
Victoire,Wagner,"La Loupe",France,2019,PHP
David,Guibert,"La Loupe",France,2019,JavaScript
Patricia,David,"La Loupe",France,2019,PHP
Frédéric,Leblanc,"La Loupe",France,2019,Java
Odette,Gregoire,"La Loupe",France,2019,JavaScript
Théophile,Lefevre,"La Loupe",France,2019,Java
Paul,Maillot,"La Loupe",France,2019,Java
Eugène,Lebreton,"La Loupe",France,2019,JavaScript
André,Joly,"La Loupe",France,2019,PHP
Corinne,Riviere,"La Loupe",France,2019,JavaScript
Élisabeth,Bodin,"La Loupe",France,2019,JavaScript
Marie,Gautier,"La Loupe",France,2019,Java
Henri,Fernandes,"La Loupe",France,2019,Java
Laurent,Merle,"La Loupe",France,2019,PHP
Camille,Berger,"La Loupe",France,2019,PHP
Luce,Descamps,"La Loupe",France,2019,JavaScript
Pénélope,Maury,"La Loupe",France,2019,JavaScript
Michèle,Chevalier,"La Loupe",France,2019,PHP
Augustin,Bonnin,"La Loupe",France,2019,JavaScript
Rémy,Perret,"La Loupe",France,2019,PHP
Hortense,Guerin,"La Loupe",France,2019,PHP
Alphonse,Morvan,"La Loupe",France,2019,PHP
Benoît,Marty,"La Loupe",France,2019,PHP
Denis,Pottier,"La Loupe",France,2019,PHP
Maggie,Schmitt,Lille,France,2017,Java
Michèle,Salmon,Lille,France,2017,JavaScript
Alphonse,Paris,Lille,France,2017,JavaScript
Thomas,"Le Roux",Lille,France,2017,PHP
Lorraine,Marion,Lille,France,2017,Java
Thierry,Bertin,Lille,France,2017,JavaScript
Arthur,Jourdan,Lille,France,2017,JavaScript
Émile,Samson,Lille,France,2017,JavaScript
Théodore,Barbe,Lille,France,2017,PHP
André,Guyon,Lille,France,2017,PHP
Arthur,Deschamps,Lille,France,2017,JavaScript
Robert,Bodin,Lille,France,2017,PHP
Michèle,"De Oliveira",Lille,France,2017,PHP
Frédéric,Lecoq,Lille,France,2017,JavaScript
Lucy,Gomez,Lille,France,2017,Java
Thomas,Ferreira,Lille,France,2017,Java
Gabriel,Alves,Lille,France,2017,Java
Robert,Dupuy,Lille,France,2017,PHP
Amélie,Klein,Lille,France,2017,JavaScript
Martin,Picard,Lille,France,2017,JavaScript
Roger,Clerc,Lille,France,2017,PHP
Tristan,Renault,Lille,France,2017,PHP
Marthe,Gonzalez,Lille,France,2017,Java
Éric,Giraud,Lille,France,2017,PHP
Odette,Robert,Lille,France,2017,PHP
Rémy,Auger,Lille,France,2018,PHP
Arnaude,Grondin,Lille,France,2018,Java
Adèle,Dupuy,Lille,France,2018,PHP
Michelle,Weiss,Lille,France,2018,Java
Capucine,Legrand,Lille,France,2018,PHP
Philippine,Rolland,Lille,France,2018,JavaScript
Alain,Noel,Lille,France,2018,Java
Emmanuel,David,Lille,France,2018,PHP
Éric,Guichard,Lille,France,2018,Java
Anne,Chretien,Lille,France,2018,Java
Agathe,Fernandes,Lille,France,2018,JavaScript
François,Traore,Lille,France,2018,JavaScript
Aurélie,Pasquier,Lille,France,2018,Java
Maryse,Baron,Lille,France,2018,Java
Chantal,Aubert,Lille,France,2018,Java
Arthur,Vidal,Lille,France,2018,PHP
François,Salmon,Lille,France,2018,Java
Tristan,Dumas,Lille,France,2018,PHP
Henri,Olivier,Lille,France,2018,PHP
Nathalie,Munoz,Lille,France,2018,PHP
Luce,Guibert,Lille,France,2018,Java
Benjamin,"Le Goff",Lille,France,2018,JavaScript
Jérôme,Poulain,Lille,France,2018,JavaScript
Charlotte,Lebreton,Lille,France,2018,JavaScript
William,Valette,Lille,France,2018,PHP
Aurore,Boyer,Lille,France,2019,Java
Isaac,Daniel,Lille,France,2019,JavaScript
Guillaume,Marie,Lille,France,2019,Java
Auguste,Besnard,Lille,France,2019,Java
Nathalie,Blin,Lille,France,2019,JavaScript
Lucy,Lebreton,Lille,France,2019,Java
Philippe,Baron,Lille,France,2019,Java
Stéphane,Boulanger,Lille,France,2019,Java
Hortense,Goncalves,Lille,France,2019,PHP
Juliette,Perez,Lille,France,2019,Java
Arnaude,Roche,Lille,France,2019,JavaScript
Jacques,Blin,Lille,France,2019,JavaScript
Gabrielle,Deschamps,Lille,France,2019,JavaScript
Danielle,Fernandes,Lille,France,2019,Java
Patrick,Caron,Lille,France,2019,Java
Nathalie,Lamy,Lille,France,2019,JavaScript
Nath,Remy,Lille,France,2019,PHP
Geneviève,Foucher,Lille,France,2019,JavaScript
Sabine,Deschamps,Lille,France,2019,Java
Émile,Couturier,Lille,France,2019,JavaScript
Gabriel,Lelievre,Lille,France,2019,PHP
Auguste,Gillet,Lille,France,2019,PHP
William,Marion,Lille,France,2019,JavaScript
Daniel,Lombard,Lille,France,2019,PHP
Xavier,Bazin,Lille,France,2019,PHP
Madeleine,Alexandre,Lyon,France,2017,PHP
Antoinette,Lefort,Lyon,France,2017,Java
Lucas,Navarro,Lyon,France,2017,PHP
Xavier,Albert,Lyon,France,2017,JavaScript
Marcel,Meyer,Lyon,France,2017,PHP
Paulette,Didier,Lyon,France,2017,JavaScript
Martin,Gregoire,Lyon,France,2017,PHP
Audrey,Gautier,Lyon,France,2017,Java
Eugène,Marechal,Lyon,France,2017,JavaScript
Victor,Boyer,Lyon,France,2017,PHP
Patrick,Evrard,Lyon,France,2017,PHP
Laetitia,Leduc,Lyon,France,2017,PHP
Marguerite,Salmon,Lyon,France,2017,PHP
Robert,Thierry,Lyon,France,2017,PHP
Sylvie,Morvan,Lyon,France,2017,JavaScript
Guy,Chauvet,Lyon,France,2017,Java
Julien,Courtois,Lyon,France,2017,JavaScript
Émile,Leveque,Lyon,France,2017,Java
Marguerite,Aubert,Lyon,France,2017,PHP
William,Leconte,Lyon,France,2017,JavaScript
Gilles,Leveque,Lyon,France,2017,JavaScript
Marc,Leveque,Lyon,France,2017,PHP
Geneviève,Vincent,Lyon,France,2017,Java
Olivier,Picard,Lyon,France,2017,JavaScript
Noémi,Schneider,Lyon,France,2017,PHP
Jean,Pineau,Lyon,France,2018,Java
Bertrand,Jacques,Lyon,France,2018,PHP
André,Perrier,Lyon,France,2018,Java
Claude,Teixeira,Lyon,France,2018,Java
Auguste,Andre,Lyon,France,2018,JavaScript
Dominique,Poulain,Lyon,France,2018,Java
Noémi,Hamon,Lyon,France,2018,PHP
Corinne,Maury,Lyon,France,2018,PHP
Jacques,Payet,Lyon,France,2018,PHP
Julien,Charpentier,Lyon,France,2018,JavaScript
Xavier,Mace,Lyon,France,2018,JavaScript
Auguste,Joseph,Lyon,France,2018,Java
Eugène,Carpentier,Lyon,France,2018,PHP
Isaac,Cohen,Lyon,France,2018,JavaScript
Roger,Breton,Lyon,France,2018,Java
Colette,Pinto,Lyon,France,2018,PHP
Diane,Auger,Lyon,France,2018,Java
Olivie,Joly,Lyon,France,2018,PHP
Marcel,Royer,Lyon,France,2018,PHP
Isaac,Delahaye,Lyon,France,2018,Java
Corinne,Cousin,Lyon,France,2018,Java
Lucie,Bruneau,Lyon,France,2018,JavaScript
Margot,Normand,Lyon,France,2018,JavaScript
Arthur,Francois,Lyon,France,2018,Java
Matthieu,Thibault,Lyon,France,2018,JavaScript
René,Moreau,Lyon,France,2019,PHP
Gérard,Boutin,Lyon,France,2019,PHP
Valentine,Rocher,Lyon,France,2019,JavaScript
Françoise,Roux,Lyon,France,2019,Java
Arnaude,Charpentier,Lyon,France,2019,PHP
Françoise,Normand,Lyon,France,2019,PHP
Honoré,Gerard,Lyon,France,2019,PHP
Luce,Leclerc,Lyon,France,2019,JavaScript
Simone,Carpentier,Lyon,France,2019,JavaScript
Émile,Michel,Lyon,France,2019,PHP
Honoré,Neveu,Lyon,France,2019,Java
Arnaude,Mahe,Lyon,France,2019,JavaScript
René,Chauveau,Lyon,France,2019,JavaScript
Emmanuel,Rousseau,Lyon,France,2019,JavaScript
Julie,Allain,Lyon,France,2019,PHP
Gabrielle,Lecomte,Lyon,France,2019,Java
Yves,Herve,Lyon,France,2019,PHP
Isaac,"De Sousa",Lyon,France,2019,JavaScript
Sabine,Weiss,Lyon,France,2019,JavaScript
Marcel,Poirier,Lyon,France,2019,Java
Aimé,Launay,Lyon,France,2019,JavaScript
Brigitte,Gallet,Lyon,France,2019,Java
Mathilde,Guillou,Lyon,France,2019,Java
Caroline,Vaillant,Lyon,France,2019,PHP
Antoinette,Francois,Lyon,France,2019,JavaScript
Hélène,Bourgeois,Marseille,France,2017,PHP
Emmanuelle,Gaudin,Marseille,France,2017,JavaScript
Antoinette,Marchand,Marseille,France,2017,Java
Michelle,Riou,Marseille,France,2017,PHP
Gabriel,Bouchet,Marseille,France,2017,JavaScript
Maurice,Hardy,Marseille,France,2017,JavaScript
Valentine,Germain,Marseille,France,2017,JavaScript
Luc,Colin,Marseille,France,2017,JavaScript
Bernard,Ferrand,Marseille,France,2017,Java
Gérard,Boulanger,Marseille,France,2017,PHP
Amélie,Barre,Marseille,France,2017,Java
Hugues,Lefevre,Marseille,France,2017,PHP
Emmanuel,Boulay,Marseille,France,2017,Java
Hortense,Riviere,Marseille,France,2017,Java
Thibault,Bazin,Marseille,France,2017,PHP
Honoré,Michel,Marseille,France,2017,PHP
Daniel,Raymond,Marseille,France,2017,Java
Franck,Pascal,Marseille,France,2017,JavaScript
Brigitte,Cousin,Marseille,France,2017,PHP
Paul,Pelletier,Marseille,France,2017,JavaScript
Pierre,Bonnin,Marseille,France,2017,PHP
Étienne,Lemonnier,Marseille,France,2017,PHP
Bernadette,Fabre,Marseille,France,2017,JavaScript
Christophe,Boulay,Marseille,France,2017,PHP
Édith,Evrard,Marseille,France,2017,Java
Astrid,Thierry,Marseille,France,2018,Java
Arthur,Mercier,Marseille,France,2018,Java
Olivier,Colin,Marseille,France,2018,Java
Stéphanie,Picard,Marseille,France,2018,JavaScript
Timothée,Moreno,Marseille,France,2018,Java
Emmanuel,"De Sousa",Marseille,France,2018,PHP
Arnaude,Loiseau,Marseille,France,2018,PHP
Sabine,Blot,Marseille,France,2018,Java
Dorothée,Letellier,Marseille,France,2018,Java
Sylvie,Lemaitre,Marseille,France,2018,PHP
Théophile,Dupont,Marseille,France,2018,PHP
Zoé,Raynaud,Marseille,France,2018,Java
Alix,Garnier,Marseille,France,2018,Java
Yves,Gautier,Marseille,France,2018,PHP
Gabriel,Pereira,Marseille,France,2018,JavaScript
Charles,Lebrun,Marseille,France,2018,JavaScript
Honoré,Bouchet,Marseille,France,2018,JavaScript
Vincent,Hardy,Marseille,France,2018,PHP
Gabriel,Bodin,Marseille,France,2018,JavaScript
Océane,Dupuy,Marseille,France,2018,Java
Roger,Raymond,Marseille,France,2018,JavaScript
Alain,Martinez,Marseille,France,2018,PHP
Martin,Lombard,Marseille,France,2018,Java
Philippine,Tessier,Marseille,France,2018,PHP
Sophie,Lebon,Marseille,France,2018,Java
Margaux,Besson,Marseille,France,2019,PHP
Gilbert,Barbe,Marseille,France,2019,Java
Daniel,Joly,Marseille,France,2019,PHP
Christelle,Aubry,Marseille,France,2019,Java
Claude,Petitjean,Marseille,France,2019,JavaScript
Sylvie,Duval,Marseille,France,2019,PHP
Margot,Gomez,Marseille,France,2019,PHP
Caroline,Moreno,Marseille,France,2019,PHP
Marianne,Gallet,Marseille,France,2019,JavaScript
Théodore,"Da Silva",Marseille,France,2019,JavaScript
Luce,Bernier,Marseille,France,2019,JavaScript
Marthe,Masson,Marseille,France,2019,JavaScript
Laure,Chretien,Marseille,France,2019,PHP
Benjamin,Gilbert,Marseille,France,2019,PHP
Marc,Perez,Marseille,France,2019,Java
Chantal,Guillot,Marseille,France,2019,Java
Maurice,Remy,Marseille,France,2019,PHP
Dominique,Pichon,Marseille,France,2019,JavaScript
Pauline,Valentin,Marseille,France,2019,PHP
Grégoire,Navarro,Marseille,France,2019,Java
Timothée,Morel,Marseille,France,2019,Java
Hugues,Dumont,Marseille,France,2019,PHP
Yves,Lefevre,Marseille,France,2019,JavaScript
Claudine,Couturier,Marseille,France,2019,PHP
Gérard,Guillou,Marseille,France,2019,JavaScript
Alix,Blot,Nantes,France,2017,JavaScript
Alix,Maillet,Nantes,France,2017,PHP
Catherine,Sauvage,Nantes,France,2017,PHP
Marianne,Evrard,Nantes,France,2017,PHP
Alphonse,Bouchet,Nantes,France,2017,Java
Gilles,Gillet,Nantes,France,2017,JavaScript
Jean,Renaud,Nantes,France,2017,JavaScript
Pénélope,Royer,Nantes,France,2017,JavaScript
Théodore,Lemaitre,Nantes,France,2017,JavaScript
Stéphanie,Bertin,Nantes,France,2017,Java
Nicolas,Potier,Nantes,France,2017,Java
Margaux,Pereira,Nantes,France,2017,JavaScript
Philippe,Faure,Nantes,France,2017,JavaScript
Sébastien,Barbier,Nantes,France,2017,Java
Maryse,Jacques,Nantes,France,2017,PHP
Denise,Besson,Nantes,France,2017,JavaScript
Andrée,Pelletier,Nantes,France,2017,PHP
Olivier,Gregoire,Nantes,France,2017,JavaScript
Gabrielle,Giraud,Nantes,France,2017,PHP
Luc,"Le Roux",Nantes,France,2017,PHP
Jules,Leclerc,Nantes,France,2017,PHP
Océane,Guillon,Nantes,France,2017,Java
Monique,Hoarau,Nantes,France,2017,PHP
Henriette,Gomez,Nantes,France,2017,JavaScript
Claire,Clement,Nantes,France,2017,JavaScript
Maurice,Dubois,Nantes,France,2018,Java
Gabrielle,Girard,Nantes,France,2018,Java
Xavier,Ferrand,Nantes,France,2018,Java
Hugues,Gaillard,Nantes,France,2018,JavaScript
Zacharie,Garcia,Nantes,France,2018,Java
Adrienne,Legros,Nantes,France,2018,JavaScript
Virginie,Moreau,Nantes,France,2018,JavaScript
Hugues,Mace,Nantes,France,2018,Java
Thibaut,Marty,Nantes,France,2018,Java
Alice,Carpentier,Nantes,France,2018,PHP
Paul,Lamy,Nantes,France,2018,Java
Georges,Martinez,Nantes,France,2018,Java
Margot,Lesage,Nantes,France,2018,PHP
Denise,Voisin,Nantes,France,2018,PHP
Mathilde,Leroux,Nantes,France,2018,PHP
Valentine,Camus,Nantes,France,2018,JavaScript
Maryse,Ledoux,Nantes,France,2018,Java
Pauline,Ruiz,Nantes,France,2018,Java
Constance,Levy,Nantes,France,2018,JavaScript
Luce,Michaud,Nantes,France,2018,JavaScript
Henri,Clement,Nantes,France,2018,JavaScript
Patricia,Parent,Nantes,France,2018,PHP
Denise,Boulay,Nantes,France,2018,JavaScript
Alice,Laporte,Nantes,France,2018,Java
Michel,Laine,Nantes,France,2018,PHP
Denis,Roux,Nantes,France,2019,Java
Marguerite,Blanc,Nantes,France,2019,PHP
Suzanne,Andre,Nantes,France,2019,Java
Susanne,Lacroix,Nantes,France,2019,JavaScript
Geneviève,Colas,Nantes,France,2019,Java
Valérie,Allard,Nantes,France,2019,JavaScript
Élodie,Carlier,Nantes,France,2019,PHP
Valentine,Dumas,Nantes,France,2019,Java
Grégoire,Coste,Nantes,France,2019,PHP
Victor,Toussaint,Nantes,France,2019,PHP
David,Mendes,Nantes,France,2019,Java
Alain,Boutin,Nantes,France,2019,PHP
Roland,Bonneau,Nantes,France,2019,JavaScript
Jeanne,Torres,Nantes,France,2019,Java
Nathalie,Lopez,Nantes,France,2019,PHP
Nathalie,Hebert,Nantes,France,2019,PHP
Denis,Boyer,Nantes,France,2019,JavaScript
Emmanuelle,Moulin,Nantes,France,2019,JavaScript
Léon,Lebrun,Nantes,France,2019,Java
Antoine,Collet,Nantes,France,2019,Java
Benjamin,Picard,Nantes,France,2019,Java
Alexandrie,Leduc,Nantes,France,2019,Java
Antoine,Delmas,Nantes,France,2019,PHP
Léon,Poirier,Nantes,France,2019,PHP
Timothée,Besson,Nantes,France,2019,JavaScript
Benoît,Vallet,Orleans,France,2017,JavaScript
Marine,Chauvet,Orleans,France,2017,JavaScript
Jules,Leblanc,Orleans,France,2017,Java
Bernard,Ledoux,Orleans,France,2017,PHP
Marine,Schneider,Orleans,France,2017,Java
Grégoire,Gaillard,Orleans,France,2017,PHP
Frédérique,Marchand,Orleans,France,2017,PHP
Eugène,Peltier,Orleans,France,2017,JavaScript
Stéphane,Thierry,Orleans,France,2017,Java
Théodore,Dijoux,Orleans,France,2017,Java
Chantal,"Da Costa",Orleans,France,2017,JavaScript
Agnès,Vidal,Orleans,France,2017,JavaScript
Alex,Mendes,Orleans,France,2017,PHP
Hortense,Begue,Orleans,France,2017,JavaScript
Arthur,Paris,Orleans,France,2017,PHP
Grégoire,Navarro,Orleans,France,2017,JavaScript
Christiane,Buisson,Orleans,France,2017,JavaScript
Patrick,Leconte,Orleans,France,2017,Java
Claudine,Morin,Orleans,France,2017,PHP
Éric,Turpin,Orleans,France,2017,JavaScript
Adrien,Bernier,Orleans,France,2017,JavaScript
Yves,Robin,Orleans,France,2017,JavaScript
Pénélope,Dupuis,Orleans,France,2017,PHP
Antoinette,Etienne,Orleans,France,2017,Java
Dorothée,Samson,Orleans,France,2017,Java
Lucy,Devaux,Orleans,France,2018,PHP
Chantal,Hardy,Orleans,France,2018,Java
Adrien,Langlois,Orleans,France,2018,Java
Stéphanie,Briand,Orleans,France,2018,PHP
Georges,Langlois,Orleans,France,2018,Java
Arthur,Peron,Orleans,France,2018,PHP
Caroline,Marin,Orleans,France,2018,PHP
Brigitte,Fabre,Orleans,France,2018,Java
René,"Le Roux",Orleans,France,2018,JavaScript
Léon,Gonzalez,Orleans,France,2018,Java
Christiane,Dupuy,Orleans,France,2018,Java
Amélie,Caron,Orleans,France,2018,JavaScript
Lorraine,Rousseau,Orleans,France,2018,PHP
Célina,Benoit,Orleans,France,2018,JavaScript
Jacques,Mary,Orleans,France,2018,Java
Franck,Leclerc,Orleans,France,2018,PHP
Eugène,Lopes,Orleans,France,2018,JavaScript
Hortense,Guillaume,Orleans,France,2018,Java
Diane,Marchal,Orleans,France,2018,Java
Valentine,Germain,Orleans,France,2018,JavaScript
Marthe,Foucher,Orleans,France,2018,PHP
Claudine,Lambert,Orleans,France,2018,JavaScript
François,Aubert,Orleans,France,2018,JavaScript
Franck,Giraud,Orleans,France,2018,PHP
Denis,Raynaud,Orleans,France,2018,Java
Marine,Dupre,Orleans,France,2019,JavaScript
Michelle,Boulanger,Orleans,France,2019,Java
Nicolas,Dubois,Orleans,France,2019,PHP
Éléonore,Bousquet,Orleans,France,2019,JavaScript
Andrée,Valentin,Orleans,France,2019,JavaScript
Geneviève,Fleury,Orleans,France,2019,JavaScript
Marie,Bonnet,Orleans,France,2019,Java
Jeanne,Gonzalez,Orleans,France,2019,PHP
Agnès,Lopez,Orleans,France,2019,Java
Éric,Bonnet,Orleans,France,2019,JavaScript
Marguerite,Lacroix,Orleans,France,2019,Java
Christine,Leclerc,Orleans,France,2019,PHP
Isabelle,Marin,Orleans,France,2019,PHP
Michelle,Imbert,Orleans,France,2019,Java
Chantal,Ledoux,Orleans,France,2019,Java
Claude,Joubert,Orleans,France,2019,Java
Tristan,Carre,Orleans,France,2019,Java
Olivie,Rousseau,Orleans,France,2019,Java
Dominique,Brun,Orleans,France,2019,Java
Suzanne,Pages,Orleans,France,2019,PHP
Anaïs,Blondel,Orleans,France,2019,PHP
Paulette,Dijoux,Orleans,France,2019,Java
Christelle,Duval,Orleans,France,2019,Java
Maurice,Moreno,Orleans,France,2019,PHP
Mathilde,Lesage,Orleans,France,2019,JavaScript
Adrienne,Legros,Paris,France,2017,JavaScript
Brigitte,Lecomte,Paris,France,2017,Java
Monique,Vaillant,Paris,France,2017,JavaScript
Capucine,Bertin,Paris,France,2017,PHP
Paul,Vidal,Paris,France,2017,PHP
Benoît,"De Sousa",Paris,France,2017,JavaScript
Gilles,Faivre,Paris,France,2017,Java
Agathe,Samson,Paris,France,2017,JavaScript
Alexandria,Leclercq,Paris,France,2017,Java
Jacqueline,Peltier,Paris,France,2017,JavaScript
Isaac,Coulon,Paris,France,2017,JavaScript
Nicolas,Jacques,Paris,France,2017,PHP
Stéphane,Camus,Paris,France,2017,JavaScript
Martine,Imbert,Paris,France,2017,JavaScript
Stéphane,Goncalves,Paris,France,2017,PHP
Nathalie,Vallet,Paris,France,2017,Java
Virginie,Joly,Paris,France,2017,JavaScript
Henriette,Julien,Paris,France,2017,JavaScript
Agathe,Colin,Paris,France,2017,PHP
Aimé,Delaunay,Paris,France,2017,JavaScript
Alexandre,Merle,Paris,France,2017,JavaScript
Arthur,Durand,Paris,France,2017,JavaScript
Adèle,Lefort,Paris,France,2017,PHP
Manon,Dufour,Paris,France,2017,PHP
Roland,Gauthier,Paris,France,2017,PHP
Nathalie,Simon,Paris,France,2018,PHP
Alphonse,Collin,Paris,France,2018,Java
Adrien,Roussel,Paris,France,2018,JavaScript
Roger,Mahe,Paris,France,2018,JavaScript
Marc,Marin,Paris,France,2018,JavaScript
Dominique,Leveque,Paris,France,2018,Java
Marguerite,Rodriguez,Paris,France,2018,Java
Joseph,Delattre,Paris,France,2018,Java
Patrick,Leduc,Paris,France,2018,PHP
Christelle,Raynaud,Paris,France,2018,PHP
Valentine,Pereira,Paris,France,2018,Java
François,Klein,Paris,France,2018,PHP
Thomas,Rousseau,Paris,France,2018,Java
Édith,Evrard,Paris,France,2018,JavaScript
Gilbert,Huet,Paris,France,2018,Java
Thibault,Fleury,Paris,France,2018,Java
Marcel,Deschamps,Paris,France,2018,JavaScript
Hélène,Bonneau,Paris,France,2018,PHP
Hélène,Lesage,Paris,France,2018,Java
Nathalie,Delahaye,Paris,France,2018,PHP
Arthur,Lemaire,Paris,France,2018,PHP
Georges,Leduc,Paris,France,2018,Java
Thibaut,Buisson,Paris,France,2018,JavaScript
Frédérique,Colas,Paris,France,2018,Java
Lucas,Laurent,Paris,France,2018,JavaScript
Constance,Barthelemy,Paris,France,2019,Java
Jules,Rodrigues,Paris,France,2019,Java
Jeannine,Godard,Paris,France,2019,Java
Odette,Riou,Paris,France,2019,JavaScript
Caroline,Schneider,Paris,France,2019,Java
Denise,Levy,Paris,France,2019,PHP
Catherine,Nicolas,Paris,France,2019,PHP
Charlotte,Delattre,Paris,France,2019,JavaScript
Guy,Gomez,Paris,France,2019,JavaScript
Margaret,Jacques,Paris,France,2019,Java
Dorothée,Guillet,Paris,France,2019,Java
Frédéric,Martineau,Paris,France,2019,Java
Sébastien,Klein,Paris,France,2019,Java
Joséphine,Antoine,Paris,France,2019,Java
Anouk,Nguyen,Paris,France,2019,JavaScript
Paul,Germain,Paris,France,2019,JavaScript
Jeanne,Hamel,Paris,France,2019,Java
Maurice,Normand,Paris,France,2019,Java
Hortense,Vaillant,Paris,France,2019,PHP
Franck,Charpentier,Paris,France,2019,Java
Émile,Garcia,Paris,France,2019,PHP
Alfred,Duval,Paris,France,2019,Java
Simone,Breton,Paris,France,2019,Java
Renée,Bonneau,Paris,France,2019,Java
Clémence,Traore,Paris,France,2019,PHP
Dominique,Carpentier,Reims,France,2017,JavaScript
Léon,Jacob,Reims,France,2017,JavaScript
Guy,Sanchez,Reims,France,2017,Java
Michelle,Perrot,Reims,France,2017,JavaScript
Emmanuel,Petitjean,Reims,France,2017,PHP
Clémence,Dupuis,Reims,France,2017,JavaScript
Célina,Jacques,Reims,France,2017,JavaScript
Sylvie,David,Reims,France,2017,PHP
Isaac,Prevost,Reims,France,2017,Java
Émile,Delaunay,Reims,France,2017,Java
Sabine,Valentin,Reims,France,2017,PHP
Hugues,Marty,Reims,France,2017,PHP
Pauline,Bonnin,Reims,France,2017,JavaScript
Robert,Gerard,Reims,France,2017,PHP
Martine,Petit,Reims,France,2017,Java
Agathe,Didier,Reims,France,2017,Java
Joséphine,Vidal,Reims,France,2017,JavaScript
Anaïs,Salmon,Reims,France,2017,JavaScript
Gilles,Imbert,Reims,France,2017,PHP
Alix,Bourgeois,Reims,France,2017,PHP
Édouard,"Da Costa",Reims,France,2017,PHP
Aurélie,Guyon,Reims,France,2017,Java
Philippe,Gauthier,Reims,France,2017,Java
Christelle,Raymond,Reims,France,2017,Java
Jeanne,Navarro,Reims,France,2017,JavaScript
Noémi,Vasseur,Reims,France,2018,JavaScript
Valentine,Charrier,Reims,France,2018,PHP
François,Marchand,Reims,France,2018,JavaScript
Jules,Lelievre,Reims,France,2018,PHP
Thibaut,Devaux,Reims,France,2018,PHP
Édouard,Marchal,Reims,France,2018,Java
Jeannine,Hoarau,Reims,France,2018,Java
Augustin,Berthelot,Reims,France,2018,Java
Jacqueline,Teixeira,Reims,France,2018,PHP
Céline,Lefort,Reims,France,2018,PHP
Alain,Guillon,Reims,France,2018,PHP
Odette,Bertrand,Reims,France,2018,Java
Michelle,Prevost,Reims,France,2018,Java
Alain,Charpentier,Reims,France,2018,Java
Astrid,Gilles,Reims,France,2018,PHP
William,Marques,Reims,France,2018,Java
Hugues,Chauveau,Reims,France,2018,JavaScript
Guillaume,Grenier,Reims,France,2018,JavaScript
Victoire,Ramos,Reims,France,2018,PHP
Vincent,Goncalves,Reims,France,2018,Java
Gilles,Petit,Reims,France,2018,PHP
Marguerite,Bourgeois,Reims,France,2018,Java
Timothée,Ollivier,Reims,France,2018,Java
Claire,Grenier,Reims,France,2018,JavaScript
Louise,Carre,Reims,France,2018,JavaScript
Virginie,Leclercq,Reims,France,2019,JavaScript
Renée,Clerc,Reims,France,2019,Java
Pierre,Lesage,Reims,France,2019,Java
Inès,Perrin,Reims,France,2019,JavaScript
Gabrielle,Lecoq,Reims,France,2019,JavaScript
François,Royer,Reims,France,2019,JavaScript
Stéphane,Guillot,Reims,France,2019,Java
Lorraine,Bonneau,Reims,France,2019,JavaScript
Michelle,Martin,Reims,France,2019,Java
Christelle,Perret,Reims,France,2019,Java
Victoire,Grondin,Reims,France,2019,PHP
Simone,"De Sousa",Reims,France,2019,PHP
Martin,Voisin,Reims,France,2019,JavaScript
Raymond,Renaud,Reims,France,2019,PHP
Lucy,Toussaint,Reims,France,2019,Java
Bertrand,Mary,Reims,France,2019,PHP
Christelle,Raynaud,Reims,France,2019,Java
Marianne,Begue,Reims,France,2019,Java
Agathe,Blondel,Reims,France,2019,JavaScript
Hugues,Thierry,Reims,France,2019,Java
Jean,Pottier,Reims,France,2019,PHP
Chantal,Rolland,Reims,France,2019,JavaScript
Philippe,Ribeiro,Reims,France,2019,PHP
Émile,Perret,Reims,France,2019,PHP
Suzanne,Traore,Reims,France,2019,Java
Paul,Lemoine,Strasbourg,France,2017,PHP
Catherine,Lemoine,Strasbourg,France,2017,JavaScript
Thibaut,Briand,Strasbourg,France,2017,Java
Hugues,Merle,Strasbourg,France,2017,JavaScript
Thibault,Adam,Strasbourg,France,2017,Java
Éléonore,David,Strasbourg,France,2017,Java
Suzanne,Roy,Strasbourg,France,2017,PHP
Luc,Bernier,Strasbourg,France,2017,PHP
Émile,Gauthier,Strasbourg,France,2017,JavaScript
Élise,Coulon,Strasbourg,France,2017,Java
David,Ferreira,Strasbourg,France,2017,Java
Tristan,Allain,Strasbourg,France,2017,Java
Guillaume,Weiss,Strasbourg,France,2017,JavaScript
Michelle,Carre,Strasbourg,France,2017,PHP
Benjamin,Goncalves,Strasbourg,France,2017,JavaScript
Michèle,Pottier,Strasbourg,France,2017,PHP
Élisabeth,Raymond,Strasbourg,France,2017,PHP
Arthur,Vidal,Strasbourg,France,2017,PHP
René,Devaux,Strasbourg,France,2017,PHP
Paul,Collin,Strasbourg,France,2017,PHP
Célina,Petit,Strasbourg,France,2017,PHP
Agathe,Bazin,Strasbourg,France,2017,PHP
Virginie,Bertin,Strasbourg,France,2017,JavaScript
Anne,Bouvet,Strasbourg,France,2017,Java
Noël,Auger,Strasbourg,France,2017,PHP
Patricia,Rossi,Strasbourg,France,2018,Java
Pauline,Albert,Strasbourg,France,2018,PHP
Xavier,Lucas,Strasbourg,France,2018,JavaScript
François,Guerin,Strasbourg,France,2018,Java
Roland,Brun,Strasbourg,France,2018,PHP
Charlotte,Fleury,Strasbourg,France,2018,JavaScript
Sophie,Garcia,Strasbourg,France,2018,PHP
Marthe,Paris,Strasbourg,France,2018,PHP
Madeleine,Legros,Strasbourg,France,2018,Java
Robert,Besnard,Strasbourg,France,2018,PHP
Augustin,Rey,Strasbourg,France,2018,Java
Gabriel,Roche,Strasbourg,France,2018,JavaScript
Sébastien,Normand,Strasbourg,France,2018,PHP
Hélène,Fernandez,Strasbourg,France,2018,JavaScript
Alain,Ollivier,Strasbourg,France,2018,PHP
Sophie,Potier,Strasbourg,France,2018,JavaScript
Inès,Turpin,Strasbourg,France,2018,JavaScript
Nicolas,Marchand,Strasbourg,France,2018,PHP
René,Tanguy,Strasbourg,France,2018,Java
Emmanuelle,Berthelot,Strasbourg,France,2018,JavaScript
Gilbert,Thierry,Strasbourg,France,2018,PHP
Louise,Guillot,Strasbourg,France,2018,PHP
Sophie,Gillet,Strasbourg,France,2018,JavaScript
Éric,Parent,Strasbourg,France,2018,PHP
Marine,Bouchet,Strasbourg,France,2018,Java
André,Marchal,Strasbourg,France,2019,JavaScript
Aimée,Lamy,Strasbourg,France,2019,JavaScript
Caroline,Martineau,Strasbourg,France,2019,Java
Gilles,Leleu,Strasbourg,France,2019,Java
Julien,"Dos Santos",Strasbourg,France,2019,JavaScript
Nicolas,Guyon,Strasbourg,France,2019,PHP
Manon,Clement,Strasbourg,France,2019,PHP
Émile,Dumas,Strasbourg,France,2019,PHP
Emmanuelle,Chauvin,Strasbourg,France,2019,Java
Thomas,Devaux,Strasbourg,France,2019,JavaScript
Susanne,Labbe,Strasbourg,France,2019,JavaScript
Henri,Carlier,Strasbourg,France,2019,PHP
Maurice,Olivier,Strasbourg,France,2019,Java
Gabriel,Lebreton,Strasbourg,France,2019,JavaScript
Julie,Hamon,Strasbourg,France,2019,JavaScript
Hugues,Mahe,Strasbourg,France,2019,Java
Dominique,"Da Silva",Strasbourg,France,2019,PHP
Yves,Blin,Strasbourg,France,2019,PHP
Diane,Schneider,Strasbourg,France,2019,Java
Emmanuelle,Parent,Strasbourg,France,2019,Java
Gabrielle,Bouvet,Strasbourg,France,2019,Java
Paulette,Valette,Strasbourg,France,2019,Java
Odette,Lemonnier,Strasbourg,France,2019,JavaScript
François,Gilbert,Strasbourg,France,2019,Java
David,Dupuis,Strasbourg,France,2019,PHP
Alexandrie,Delahaye,Toulouse,France,2017,Java
Emmanuelle,Boulanger,Toulouse,France,2017,Java
Maurice,Paris,Toulouse,France,2017,Java
Alain,Coste,Toulouse,France,2017,Java
Alphonse,Dumont,Toulouse,France,2017,PHP
Adrien,Coste,Toulouse,France,2017,Java
Amélie,Philippe,Toulouse,France,2017,Java
René,Robin,Toulouse,France,2017,Java
Adélaïde,Vidal,Toulouse,France,2017,Java
Alphonse,Fischer,Toulouse,France,2017,PHP
Virginie,Guyon,Toulouse,France,2017,Java
Rémy,Boucher,Toulouse,France,2017,Java
Dominique,Barre,Toulouse,France,2017,Java
Julien,Ollivier,Toulouse,France,2017,PHP
Agathe,Bazin,Toulouse,France,2017,JavaScript
Victoire,Goncalves,Toulouse,France,2017,Java
Virginie,Gillet,Toulouse,France,2017,PHP
Élodie,Martins,Toulouse,France,2017,Java
Patrick,Huet,Toulouse,France,2017,Java
Maurice,Munoz,Toulouse,France,2017,JavaScript
Anastasie,Charpentier,Toulouse,France,2017,Java
Anastasie,Boulanger,Toulouse,France,2017,PHP
Léon,Jacques,Toulouse,France,2017,PHP
Michelle,Georges,Toulouse,France,2017,Java
Michèle,Traore,Toulouse,France,2017,JavaScript
Christophe,Gauthier,Toulouse,France,2018,Java
Josette,Martin,Toulouse,France,2018,PHP
Michelle,Texier,Toulouse,France,2018,PHP
Aurélie,Becker,Toulouse,France,2018,JavaScript
Timothée,Henry,Toulouse,France,2018,JavaScript
Adrienne,Gallet,Toulouse,France,2018,PHP
Noël,Meunier,Toulouse,France,2018,PHP
Manon,Turpin,Toulouse,France,2018,PHP
Matthieu,Gaudin,Toulouse,France,2018,PHP
Laurent,Peltier,Toulouse,France,2018,Java
Odette,Bourdon,Toulouse,France,2018,Java
Adrien,Pineau,Toulouse,France,2018,PHP
Isabelle,Schneider,Toulouse,France,2018,Java
Théodore,Gerard,Toulouse,France,2018,JavaScript
Pénélope,Vallet,Toulouse,France,2018,Java
Maryse,Allain,Toulouse,France,2018,JavaScript
Raymond,Perret,Toulouse,France,2018,PHP
Arthur,Guibert,Toulouse,France,2018,Java
Philippe,Paris,Toulouse,France,2018,JavaScript
Arthur,Cohen,Toulouse,France,2018,Java
Henri,Guilbert,Toulouse,France,2018,JavaScript
Noémi,Carre,Toulouse,France,2018,PHP
Isabelle,Pires,Toulouse,France,2018,PHP
Gilbert,Diaz,Toulouse,France,2018,Java
Olivier,Dufour,Toulouse,France,2018,JavaScript
Raymond,Poulain,Toulouse,France,2019,Java
Alexandre,"Da Silva",Toulouse,France,2019,JavaScript
Susanne,Lucas,Toulouse,France,2019,PHP
Roger,Garcia,Toulouse,France,2019,PHP
Isaac,Martineau,Toulouse,France,2019,PHP
Zacharie,Thomas,Toulouse,France,2019,Java
Éléonore,Laroche,Toulouse,France,2019,PHP
Mathilde,Descamps,Toulouse,France,2019,JavaScript
Céline,Fabre,Toulouse,France,2019,JavaScript
Marguerite,Bertin,Toulouse,France,2019,PHP
Raymond,Bouvet,Toulouse,France,2019,JavaScript
Odette,Carlier,Toulouse,France,2019,PHP
Pénélope,Collet,Toulouse,France,2019,Java
Joseph,Rodriguez,Toulouse,France,2019,PHP
Danielle,Lecomte,Toulouse,France,2019,JavaScript
Camille,Raymond,Toulouse,France,2019,PHP
Sébastien,Lefort,Toulouse,France,2019,Java
Noël,Noel,Toulouse,France,2019,JavaScript
Anastasie,Roux,Toulouse,France,2019,PHP
Danielle,Perrin,Toulouse,France,2019,JavaScript
Éric,Meunier,Toulouse,France,2019,JavaScript
Anaïs,Lambert,Toulouse,France,2019,Java
Claude,Samson,Toulouse,France,2019,JavaScript
Guillaume,Perrin,Toulouse,France,2019,Java
Richard,Rodrigues,Toulouse,France,2019,PHP
Gabriel,Fabre,Tours,France,2017,PHP
Rémy,Fontaine,Tours,France,2017,PHP
Matthieu,Blondel,Tours,France,2017,Java
Marthe,Joly,Tours,France,2017,JavaScript
Thomas,Michel,Tours,France,2017,JavaScript
Marguerite,Francois,Tours,France,2017,JavaScript
Claire,Bodin,Tours,France,2017,JavaScript
Océane,Gros,Tours,France,2017,JavaScript
François,Becker,Tours,France,2017,Java
Astrid,Gauthier,Tours,France,2017,Java
Olivier,Morin,Tours,France,2017,Java
François,Dupont,Tours,France,2017,PHP
Victoire,Dupont,Tours,France,2017,Java
Emmanuelle,Olivier,Tours,France,2017,PHP
Jules,Renaud,Tours,France,2017,JavaScript
Michel,Picard,Tours,France,2017,JavaScript
Astrid,Blondel,Tours,France,2017,JavaScript
Laure,Costa,Tours,France,2017,PHP
Roland,Leclerc,Tours,France,2017,JavaScript
Zacharie,Maillet,Tours,France,2017,JavaScript
Thomas,Baron,Tours,France,2017,JavaScript
Auguste,Legros,Tours,France,2017,Java
Michèle,Peltier,Tours,France,2017,JavaScript
Nathalie,Carlier,Tours,France,2017,Java
Xavier,Girard,Tours,France,2017,Java
Gérard,Parent,Tours,France,2018,Java
Éric,Faure,Tours,France,2018,PHP
Julien,Rousset,Tours,France,2018,JavaScript
Michèle,Perret,Tours,France,2018,JavaScript
Robert,Roussel,Tours,France,2018,JavaScript
Paulette,"Le Roux",Tours,France,2018,PHP
Margaret,Cousin,Tours,France,2018,Java
Victoire,Marchand,Tours,France,2018,Java
Nicole,Marion,Tours,France,2018,PHP
Auguste,Riou,Tours,France,2018,PHP
Alexandre,Auger,Tours,France,2018,PHP
Maggie,Riou,Tours,France,2018,PHP
Anastasie,Diaz,Tours,France,2018,Java
François,Leroux,Tours,France,2018,JavaScript
Maggie,Guillot,Tours,France,2018,JavaScript
Olivier,Richard,Tours,France,2018,Java
Léon,Wagner,Tours,France,2018,JavaScript
Michèle,Jourdan,Tours,France,2018,JavaScript
Franck,Merle,Tours,France,2018,JavaScript
Émile,Perez,Tours,France,2018,PHP
Victor,Ferrand,Tours,France,2018,PHP
Raymond,Fernandes,Tours,France,2018,Java
Anaïs,Traore,Tours,France,2018,Java
Marianne,Cordier,Tours,France,2018,Java
Martine,Carpentier,Tours,France,2018,JavaScript
Gabrielle,Simon,Tours,France,2019,Java
David,Brunel,Tours,France,2019,Java
Julie,Perez,Tours,France,2019,PHP
Virginie,Monnier,Tours,France,2019,JavaScript
Henriette,Vincent,Tours,France,2019,Java
Claudine,Begue,Tours,France,2019,Java
Zoé,Vasseur,Tours,France,2019,PHP
Hugues,Gros,Tours,France,2019,Java
Patricia,Rousset,Tours,France,2019,Java
Élisabeth,"De Oliveira",Tours,France,2019,Java
Martin,Leger,Tours,France,2019,JavaScript
Susanne,Lebrun,Tours,France,2019,Java
Anaïs,Lebon,Tours,France,2019,PHP
Benjamin,Barthelemy,Tours,France,2019,Java
Henri,Riviere,Tours,France,2019,PHP
Martine,Thierry,Tours,France,2019,JavaScript
Arthur,Pages,Tours,France,2019,JavaScript
Françoise,Godard,Tours,France,2019,PHP
Adélaïde,Fernandez,Tours,France,2019,Java
Charles,Lombard,Tours,France,2019,JavaScript
André,Marin,Tours,France,2019,Java
Emmanuel,Normand,Tours,France,2019,JavaScript
Joseph,Laporte,Tours,France,2019,Java
Augustin,Navarro,Tours,France,2019,Java
Aimé,Bouvet,Tours,France,2019,JavaScript
Daniela,Bayer,Berlin,Germany,2017,Java
Miroslav,Wolter,Berlin,Germany,2017,PHP
Siegfried,Reuter,Berlin,Germany,2017,PHP
Mathias,Weiß,Berlin,Germany,2017,JavaScript
Heide,Bergmann,Berlin,Germany,2017,Java
Hildegard,Michels,Berlin,Germany,2017,PHP
Hans-Jörg,Kroll,Berlin,Germany,2017,JavaScript
Tim,Heinemann,Berlin,Germany,2017,PHP
Swen,Horn,Berlin,Germany,2017,PHP
Cornelia,Steffen,Berlin,Germany,2017,Java
Willibald,Schweizer,Berlin,Germany,2017,JavaScript
Mona,Zander,Berlin,Germany,2017,PHP
Gerda,Giese,Berlin,Germany,2017,Java
Maren,Link,Berlin,Germany,2017,JavaScript
Claus-Dieter,Winkler,Berlin,Germany,2017,Java
Irmgard,Beier,Berlin,Germany,2017,JavaScript
Pietro,Wilke,Berlin,Germany,2017,PHP
Sigurd,Stein,Berlin,Germany,2017,JavaScript
Eckart,Steffens,Berlin,Germany,2017,PHP
Magda,Heß,Berlin,Germany,2017,JavaScript
Reinhild,Bruns,Berlin,Germany,2017,Java
Margit,Konrad,Berlin,Germany,2017,JavaScript
Nelli,Moser,Berlin,Germany,2017,Java
Theresia,Eder,Berlin,Germany,2017,Java
Irena,Riedl,Berlin,Germany,2017,Java
Achim,Wolff,Berlin,Germany,2018,JavaScript
Diethard,Siebert,Berlin,Germany,2018,PHP
Marius,Fleischer,Berlin,Germany,2018,JavaScript
Arno,Herrmann,Berlin,Germany,2018,PHP
Karola,Ernst,Berlin,Germany,2018,JavaScript
Stanislaw,Ulrich,Berlin,Germany,2018,JavaScript
Patrizia,Peter,Berlin,Germany,2018,JavaScript
Beatrice,Huber,Berlin,Germany,2018,PHP
Heide,Peters,Berlin,Germany,2018,JavaScript
Norbert,Hesse,Berlin,Germany,2018,Java
Liselotte,Fuhrmann,Berlin,Germany,2018,PHP
Achim,Sturm,Berlin,Germany,2018,PHP
Christin,Rupp,Berlin,Germany,2018,PHP
Christl,Walther,Berlin,Germany,2018,PHP
Herta,Gärtner,Berlin,Germany,2018,JavaScript
Ralf,Heinemann,Berlin,Germany,2018,PHP
Henrik,Stark,Berlin,Germany,2018,PHP
Ayse,Steffens,Berlin,Germany,2018,Java
Sara,Haag,Berlin,Germany,2018,JavaScript
Swetlana,Dietz,Berlin,Germany,2018,PHP
Mehmet,Merkel,Berlin,Germany,2018,PHP
Lukas,Reimann,Berlin,Germany,2018,PHP
Dörte,Hoppe,Berlin,Germany,2018,PHP
Hans-Jochen,Appel,Berlin,Germany,2018,JavaScript
Carolin,Baum,Berlin,Germany,2018,PHP
Bettina,Fleischer,Berlin,Germany,2019,JavaScript
Timo,Hesse,Berlin,Germany,2019,Java
Evelin,Mayr,Berlin,Germany,2019,Java
Conny,Schwarz,Berlin,Germany,2019,JavaScript
Silvio,Metzger,Berlin,Germany,2019,Java
Annelies,Maurer,Berlin,Germany,2019,Java
Nikola,Bischoff,Berlin,Germany,2019,PHP
Annelore,Winkler,Berlin,Germany,2019,Java
Inge,Miller,Berlin,Germany,2019,JavaScript
Wolf-Dieter,Kessler,Berlin,Germany,2019,PHP
Hermine,Albers,Berlin,Germany,2019,PHP
Leonore,Schütze,Berlin,Germany,2019,PHP
Heinz-Günter,Hein,Berlin,Germany,2019,Java
Gertraude,Hartung,Berlin,Germany,2019,JavaScript
Ria,Krauß,Berlin,Germany,2019,PHP
Paula,Reimer,Berlin,Germany,2019,PHP
Luzie,Schuster,Berlin,Germany,2019,Java
Veronika,Albers,Berlin,Germany,2019,JavaScript
Ingelore,Albers,Berlin,Germany,2019,JavaScript
Kaspar,Martin,Berlin,Germany,2019,Java
Roger,Strobel,Berlin,Germany,2019,PHP
August,Haupt,Berlin,Germany,2019,JavaScript
Walther,Frey,Berlin,Germany,2019,JavaScript
Eduard,Mohr,Berlin,Germany,2019,JavaScript
Silvio,Wilhelm,Berlin,Germany,2019,PHP
Femke,Collin,Brussels,Belgium,2017,Java
Ayoub,Leclercq,Brussels,Belgium,2017,JavaScript
Guillaume,Vercammen,Brussels,Belgium,2017,JavaScript
Eloïse,Noël,Brussels,Belgium,2017,JavaScript
Lukas,Barry,Brussels,Belgium,2017,JavaScript
Nicolas,Baert,Brussels,Belgium,2017,Java
Benjamin,Lecomte,Brussels,Belgium,2017,Java
Robbe,Saidi,Brussels,Belgium,2017,JavaScript
Alexandre,Collard,Brussels,Belgium,2017,PHP
Manon,Sahin,Brussels,Belgium,2017,Java
Victoria,Etienne,Brussels,Belgium,2017,PHP
Merel,"Van Damme",Brussels,Belgium,2017,Java
Lina,Leclercq,Brussels,Belgium,2017,Java
Lola,Noël,Brussels,Belgium,2017,JavaScript
Femke,"Van den Broeck",Brussels,Belgium,2017,PHP
Emile,Willems,Brussels,Belgium,2017,Java
Jonas,Pieters,Brussels,Belgium,2017,Java
Tom,Segers,Brussels,Belgium,2017,JavaScript
Fleur,Gilles,Brussels,Belgium,2017,PHP
Juliette,Nijs,Brussels,Belgium,2017,PHP
Simon,Geerts,Brussels,Belgium,2017,PHP
Tom,Smet,Brussels,Belgium,2017,PHP
Margaux,Parmentier,Brussels,Belgium,2017,JavaScript
Julien,Claeys,Brussels,Belgium,2017,PHP
Zoé,Thiry,Brussels,Belgium,2017,JavaScript
Pauline,Timmermans,Brussels,Belgium,2018,Java
Camille,Maes,Brussels,Belgium,2018,Java
Pauline,Saidi,Brussels,Belgium,2018,JavaScript
Florian,François,Brussels,Belgium,2018,Java
Julien,Janssen,Brussels,Belgium,2018,PHP
Sander,Moens,Brussels,Belgium,2018,Java
Jade,Michaux,Brussels,Belgium,2018,PHP
Alexandre,"Van Damme",Brussels,Belgium,2018,JavaScript
Tuur,Delvaux,Brussels,Belgium,2018,PHP
Pauline,Verhelst,Brussels,Belgium,2018,JavaScript
Mathéo,Bodart,Brussels,Belgium,2018,PHP
Anna,Jacobs,Brussels,Belgium,2018,JavaScript
Antoine,Bogaert,Brussels,Belgium,2018,Java
Yana,Michaux,Brussels,Belgium,2018,PHP
Célia,Gilson,Brussels,Belgium,2018,Java
Julie,Geerts,Brussels,Belgium,2018,Java
Adam,"Van Hoof",Brussels,Belgium,2018,Java
Luna,Thijs,Brussels,Belgium,2018,JavaScript
Lucas,Adam,Brussels,Belgium,2018,JavaScript
Gilles,"Van de Velde",Brussels,Belgium,2018,PHP
Estelle,Goffin,Brussels,Belgium,2018,Java
Maxime,Goffin,Brussels,Belgium,2018,JavaScript
Sofia,Herman,Brussels,Belgium,2018,Java
Sander,Roels,Brussels,Belgium,2018,PHP
Bo,"Van Dyck",Brussels,Belgium,2018,JavaScript
Elise,Massart,Brussels,Belgium,2019,JavaScript
Malak,Goossens,Brussels,Belgium,2019,JavaScript
Hajar,Denis,Brussels,Belgium,2019,JavaScript
Jelle,Piette,Brussels,Belgium,2019,Java
Dylan,Wauters,Brussels,Belgium,2019,PHP
Robbe,Lemaire,Brussels,Belgium,2019,JavaScript
Loïc,"De Coster",Brussels,Belgium,2019,JavaScript
Luna,Wauters,Brussels,Belgium,2019,JavaScript
Milan,Cuvelier,Brussels,Belgium,2019,Java
Lina,Hendrickx,Brussels,Belgium,2019,PHP
Lana,Roland,Brussels,Belgium,2019,Java
Eva,Christiaens,Brussels,Belgium,2019,PHP
Guillaume,Hermans,Brussels,Belgium,2019,JavaScript
Victor,Gilles,Brussels,Belgium,2019,Java
Louise,Lecomte,Brussels,Belgium,2019,JavaScript
Lena,Vermeiren,Brussels,Belgium,2019,PHP
Charlotte,Verstraete,Brussels,Belgium,2019,PHP
Finn,Lecocq,Brussels,Belgium,2019,PHP
Linde,Messaoudi,Brussels,Belgium,2019,Java
Roos,Sahin,Brussels,Belgium,2019,JavaScript
Gabriel,Janssens,Brussels,Belgium,2019,Java
Raphaël,Piron,Brussels,Belgium,2019,PHP
Chloé,Delfosse,Brussels,Belgium,2019,PHP
Luca,Descamps,Brussels,Belgium,2019,PHP
Maxim,Denis,Brussels,Belgium,2019,JavaScript
Paul,Dan,Bucharest,Romania,2017,PHP
Adi,Szasz,Bucharest,Romania,2017,Java
Teohari,Dumitriu,Bucharest,Romania,2017,JavaScript
Evanghelina,Nagy,Bucharest,Romania,2017,PHP
Ortansa,Florea,Bucharest,Romania,2017,JavaScript
Petronela,Croitoru,Bucharest,Romania,2017,JavaScript
Felicia,Mirea,Bucharest,Romania,2017,JavaScript
Alice,Kovacs,Bucharest,Romania,2017,JavaScript
Eremia,Dumitrascu,Bucharest,Romania,2017,PHP
Andrei,Savu,Bucharest,Romania,2017,JavaScript
Amalia,Marian,Bucharest,Romania,2017,PHP
Fabian,Rus,Bucharest,Romania,2017,JavaScript
Ghiță,Achim,Bucharest,Romania,2017,PHP
Luminița,Dumitrache,Bucharest,Romania,2017,Java
Cosmin,Olariu,Bucharest,Romania,2017,JavaScript
Svetlana,Iosif,Bucharest,Romania,2017,Java
Liliana,Bunea,Bucharest,Romania,2017,JavaScript
Ortansa,Ispas,Bucharest,Romania,2017,PHP
Aristide,Chiriac,Bucharest,Romania,2017,Java
Daiana,Grigorescu,Bucharest,Romania,2017,PHP
Celia,Moldovan,Bucharest,Romania,2017,Java
Corina,Radu,Bucharest,Romania,2017,JavaScript
Geta,Dumitrascu,Bucharest,Romania,2017,PHP
Ica,Muntean,Bucharest,Romania,2017,JavaScript
Ariana,Pintea,Bucharest,Romania,2017,Java
Olimpian,Voicu,Bucharest,Romania,2018,PHP
Traian,Diaconu,Bucharest,Romania,2018,JavaScript
Marius,Gherman,Bucharest,Romania,2018,JavaScript
Antonie,Tudose,Bucharest,Romania,2018,Java
Jana,Cristescu,Bucharest,Romania,2018,JavaScript
Corvin,Peter,Bucharest,Romania,2018,JavaScript
Marilena,Iancu,Bucharest,Romania,2018,Java
Nicolae,Ungureanu,Bucharest,Romania,2018,Java
Costache,Petrescu,Bucharest,Romania,2018,Java
Alice,Dima,Bucharest,Romania,2018,JavaScript
Claudiu,Miron,Bucharest,Romania,2018,PHP
Carolina,Draghici,Bucharest,Romania,2018,Java
Cristina,Banu,Bucharest,Romania,2018,PHP
Ioan,Niculescu,Bucharest,Romania,2018,PHP
Casiana,Stoica,Bucharest,Romania,2018,PHP
Francesca,Muresan,Bucharest,Romania,2018,Java
Octavian,Matei,Bucharest,Romania,2018,Java
Crin,Dumitrescu,Bucharest,Romania,2018,Java
Cedrin,Bogdan,Bucharest,Romania,2018,JavaScript
Gianina,Marin,Bucharest,Romania,2018,Java
Beniamin,Sirbu,Bucharest,Romania,2018,JavaScript
Arian,Ionescu,Bucharest,Romania,2018,Java
Zamfir,David,Bucharest,Romania,2018,Java
Rodica,Andrei,Bucharest,Romania,2018,Java
Bogdana,Achim,Bucharest,Romania,2018,PHP
Ghiță,Voinea,Bucharest,Romania,2019,JavaScript
Giorgiana,Tataru,Bucharest,Romania,2019,JavaScript
Ionică,Irimia,Bucharest,Romania,2019,JavaScript
Georgiana,Blaga,Bucharest,Romania,2019,Java
Doina,Grigorescu,Bucharest,Romania,2019,JavaScript
Anton,Dima,Bucharest,Romania,2019,Java
Adelaida,Cosma,Bucharest,Romania,2019,PHP
Jan,Moraru,Bucharest,Romania,2019,JavaScript
Florica,Cristescu,Bucharest,Romania,2019,Java
Flaviu,Cojocaru,Bucharest,Romania,2019,Java
Carmen,Petcu,Bucharest,Romania,2019,PHP
Alex,Popa,Bucharest,Romania,2019,Java
Nora,Moraru,Bucharest,Romania,2019,PHP
Edmond,Pasca,Bucharest,Romania,2019,JavaScript
Zaraza,Lazar,Bucharest,Romania,2019,PHP
Tudor,Florea,Bucharest,Romania,2019,PHP
Georgeta,Pintilie,Bucharest,Romania,2019,JavaScript
Luca,Sabau,Bucharest,Romania,2019,JavaScript
Eftimia,Manea,Bucharest,Romania,2019,Java
Iosif,Bodea,Bucharest,Romania,2019,JavaScript
Alberta,Cosma,Bucharest,Romania,2019,Java
Xenia,Man,Bucharest,Romania,2019,PHP
Sorana,Dragomir,Bucharest,Romania,2019,Java
Nora,Marin,Bucharest,Romania,2019,PHP
Rafila,Crisan,Bucharest,Romania,2019,PHP
Raquel,Neves,Lisbon,Portugal,2017,Java
Daniela,Morais,Lisbon,Portugal,2017,Java
Neuza,Abreu,Lisbon,Portugal,2017,Java
Carolina,Tavares,Lisbon,Portugal,2017,JavaScript
Carlota,Simões,Lisbon,Portugal,2017,Java
Vanessa,Pinheiro,Lisbon,Portugal,2017,Java
Santiago,Henriques,Lisbon,Portugal,2017,Java
Carlota,Esteves,Lisbon,Portugal,2017,Java
Letícia,Loureiro,Lisbon,Portugal,2017,Java
Victória,Fonseca,Lisbon,Portugal,2017,JavaScript
Verónica,Vaz,Lisbon,Portugal,2017,Java
Jorge,Figueiredo,Lisbon,Portugal,2017,JavaScript
Jéssica,Leal,Lisbon,Portugal,2017,JavaScript
Verónica,Pereira,Lisbon,Portugal,2017,PHP
Emanuel,Paiva,Lisbon,Portugal,2017,Java
Rita,Alves,Lisbon,Portugal,2017,PHP
Davi,Macedo,Lisbon,Portugal,2017,Java
Ricardo,Gomes,Lisbon,Portugal,2017,JavaScript
Paulo,Alves,Lisbon,Portugal,2017,JavaScript
Renato,Alves,Lisbon,Portugal,2017,JavaScript
Mateus,Antunes,Lisbon,Portugal,2017,PHP
Matheus,Pereira,Lisbon,Portugal,2017,Java
Tatiana,Valente,Lisbon,Portugal,2017,Java
Matheus,Vieira,Lisbon,Portugal,2017,PHP
Violeta,Valente,Lisbon,Portugal,2017,JavaScript
Eduarda,Coelho,Lisbon,Portugal,2018,Java
Ema,Batista,Lisbon,Portugal,2018,JavaScript
Jorge,Abreu,Lisbon,Portugal,2018,PHP
Carlota,Gaspar,Lisbon,Portugal,2018,PHP
Marta,Ramos,Lisbon,Portugal,2018,JavaScript
Vítor,Leite,Lisbon,Portugal,2018,PHP
Ana,Faria,Lisbon,Portugal,2018,Java
Débora,Barbosa,Lisbon,Portugal,2018,JavaScript
Emanuel,Esteves,Lisbon,Portugal,2018,PHP
Mélanie,Nunes,Lisbon,Portugal,2018,JavaScript
Wilson,Coelho,Lisbon,Portugal,2018,Java
Hélder,Campos,Lisbon,Portugal,2018,Java
Miriam,Pereira,Lisbon,Portugal,2018,Java
Nuno,Vieira,Lisbon,Portugal,2018,Java
Alice,Monteiro,Lisbon,Portugal,2018,JavaScript
Vasco,Ferreira,Lisbon,Portugal,2018,PHP
Melissa,Loureiro,Lisbon,Portugal,2018,JavaScript
Pedro,Jesus,Lisbon,Portugal,2018,JavaScript
Sebastião,Faria,Lisbon,Portugal,2018,Java
William,Gonçalves,Lisbon,Portugal,2018,JavaScript
Victória,Gaspar,Lisbon,Portugal,2018,PHP
Lara,Melo,Lisbon,Portugal,2018,PHP
Renato,Anjos,Lisbon,Portugal,2018,JavaScript
Valentim,Matos,Lisbon,Portugal,2018,JavaScript
Matilde,Neto,Lisbon,Portugal,2018,Java
Nicole,Brito,Lisbon,Portugal,2019,Java
Martinho,Matos,Lisbon,Portugal,2019,JavaScript
Luísa,Loureiro,Lisbon,Portugal,2019,Java
Laura,Coelho,Lisbon,Portugal,2019,Java
Andreia,Brito,Lisbon,Portugal,2019,Java
Rafael,Silva,Lisbon,Portugal,2019,Java
Cristiana,Leite,Lisbon,Portugal,2019,JavaScript
Jaime,Melo,Lisbon,Portugal,2019,JavaScript
Helena,Brito,Lisbon,Portugal,2019,JavaScript
Cátia,Sousa,Lisbon,Portugal,2019,Java
Bárbara,Gomes,Lisbon,Portugal,2019,PHP
Eva,Tavares,Lisbon,Portugal,2019,PHP
Bruno,Alves,Lisbon,Portugal,2019,JavaScript
Letícia,Coelho,Lisbon,Portugal,2019,Java
Gil,Matos,Lisbon,Portugal,2019,PHP
Marta,Carneiro,Lisbon,Portugal,2019,PHP
David,Nogueira,Lisbon,Portugal,2019,Java
Eva,Lopes,Lisbon,Portugal,2019,PHP
Mateus,Carvalho,Lisbon,Portugal,2019,JavaScript
Filipe,Loureiro,Lisbon,Portugal,2019,Java
Inês,Azevedo,Lisbon,Portugal,2019,JavaScript
Patrícia,Abreu,Lisbon,Portugal,2019,JavaScript
Vicente,Neves,Lisbon,Portugal,2019,PHP
Leticia,Branco,Lisbon,Portugal,2019,Java
Edgar,Magalhães,Lisbon,Portugal,2019,JavaScript
Zetta,Wuckert,London,"United Kingdom",2017,JavaScript
Maiya,Stiedemann,London,"United Kingdom",2017,PHP
Jeffry,Roob,London,"United Kingdom",2017,PHP
Rusty,Rippin,London,"United Kingdom",2017,Java
Abbie,Koch,London,"United Kingdom",2017,PHP
Kaitlin,Wehner,London,"United Kingdom",2017,JavaScript
Laverne,Kautzer,London,"United Kingdom",2017,JavaScript
Janet,White,London,"United Kingdom",2017,PHP
Alessandra,Buckridge,London,"United Kingdom",2017,Java
Mark,Moore,London,"United Kingdom",2017,Java
Everett,Farrell,London,"United Kingdom",2017,Java
Garth,McLaughlin,London,"United Kingdom",2017,Java
Lenna,Gleichner,London,"United Kingdom",2017,JavaScript
Ward,Maggio,London,"United Kingdom",2017,JavaScript
Aimee,Kris,London,"United Kingdom",2017,JavaScript
Omari,Batz,London,"United Kingdom",2017,JavaScript
Angelita,Monahan,London,"United Kingdom",2017,Java
Kirsten,Hand,London,"United Kingdom",2017,Java
Jalon,Rippin,London,"United Kingdom",2017,JavaScript
Vanessa,Reichert,London,"United Kingdom",2017,Java
Gage,Witting,London,"United Kingdom",2017,JavaScript
Jayson,Osinski,London,"United Kingdom",2017,JavaScript
Treva,Waelchi,London,"United Kingdom",2017,JavaScript
Burnice,Bosco,London,"United Kingdom",2017,JavaScript
Carli,Reichel,London,"United Kingdom",2017,PHP
Shyann,Rath,London,"United Kingdom",2018,PHP
Carroll,Hill,London,"United Kingdom",2018,PHP
Gladys,Hansen,London,"United Kingdom",2018,JavaScript
Lera,Hagenes,London,"United Kingdom",2018,Java
Dwight,Murray,London,"United Kingdom",2018,JavaScript
Clifton,Bahringer,London,"United Kingdom",2018,PHP
Johann,Hudson,London,"United Kingdom",2018,PHP
Wilmer,Sanford,London,"United Kingdom",2018,PHP
Marcelino,Barton,London,"United Kingdom",2018,JavaScript
Alexandro,Hintz,London,"United Kingdom",2018,PHP
Holly,Johnson,London,"United Kingdom",2018,Java
Modesta,Stokes,London,"United Kingdom",2018,JavaScript
Mack,Harvey,London,"United Kingdom",2018,JavaScript
Caleb,Hermann,London,"United Kingdom",2018,Java
Makenzie,Barrows,London,"United Kingdom",2018,Java
Mckenzie,Hansen,London,"United Kingdom",2018,PHP
Bernadette,Leannon,London,"United Kingdom",2018,PHP
Perry,Labadie,London,"United Kingdom",2018,PHP
Rollin,Hayes,London,"United Kingdom",2018,JavaScript
Sam,Stiedemann,London,"United Kingdom",2018,JavaScript
Michel,Friesen,London,"United Kingdom",2018,Java
Richie,Yundt,London,"United Kingdom",2018,JavaScript
Quinn,Marvin,London,"United Kingdom",2018,JavaScript
Agustin,Hintz,London,"United Kingdom",2018,Java
Dariana,Rogahn,London,"United Kingdom",2018,JavaScript
Mitchell,Walker,London,"United Kingdom",2019,PHP
Misty,Lebsack,London,"United Kingdom",2019,Java
Esta,Runolfsdottir,London,"United Kingdom",2019,Java
Norval,Halvorson,London,"United Kingdom",2019,JavaScript
Gennaro,Beahan,London,"United Kingdom",2019,Java
Jeffery,Tremblay,London,"United Kingdom",2019,PHP
Vena,Kunde,London,"United Kingdom",2019,PHP
Isac,Ebert,London,"United Kingdom",2019,JavaScript
Nolan,Ondricka,London,"United Kingdom",2019,Java
Anastasia,Kilback,London,"United Kingdom",2019,JavaScript
Gerda,King,London,"United Kingdom",2019,PHP
Nathaniel,Marquardt,London,"United Kingdom",2019,Java
Tod,Kuhlman,London,"United Kingdom",2019,JavaScript
Jessy,Predovic,London,"United Kingdom",2019,JavaScript
Manley,Rempel,London,"United Kingdom",2019,PHP
Giovanny,Hand,London,"United Kingdom",2019,Java
Stefan,Bauch,London,"United Kingdom",2019,PHP
Joseph,Terry,London,"United Kingdom",2019,PHP
Freddie,Hackett,London,"United Kingdom",2019,Java
Jailyn,Collier,London,"United Kingdom",2019,Java
Toney,Berge,London,"United Kingdom",2019,JavaScript
Virginie,Brakus,London,"United Kingdom",2019,PHP
Cora,Bernier,London,"United Kingdom",2019,JavaScript
Valentine,Hodkiewicz,London,"United Kingdom",2019,Java
Gina,Dickens,London,"United Kingdom",2019,JavaScript
Omar,Pichardo,Madrid,Spain,2017,Java
Bruno,Madrid,Madrid,Spain,2017,JavaScript
Alejandro,Muro,Madrid,Spain,2017,JavaScript
Noa,Magaña,Madrid,Spain,2017,JavaScript
María,Vergara,Madrid,Spain,2017,PHP
Mara,Cuevas,Madrid,Spain,2017,JavaScript
Adriana,Noriega,Madrid,Spain,2017,PHP
Ian,Roldán,Madrid,Spain,2017,PHP
César,Valadez,Madrid,Spain,2017,Java
Alejandro,Otero,Madrid,Spain,2017,Java
Asier,Bustamante,Madrid,Spain,2017,Java
Rayan,Salcido,Madrid,Spain,2017,Java
Sara,Mateos,Madrid,Spain,2017,PHP
Pau,Viera,Madrid,Spain,2017,JavaScript
Sergio,Ruvalcaba,Madrid,Spain,2017,JavaScript
"Miguel Ángel",Rincón,Madrid,Spain,2017,JavaScript
Unai,Domenech,Madrid,Spain,2017,Java
Nuria,Zambrano,Madrid,Spain,2017,JavaScript
Alonso,Pedroza,Madrid,Spain,2017,PHP
Pau,Alicea,Madrid,Spain,2017,Java
Raúl,Salvador,Madrid,Spain,2017,JavaScript
Mario,Villalobos,Madrid,Spain,2017,PHP
Africa,Verdugo,Madrid,Spain,2017,PHP
Rayan,Roldán,Madrid,Spain,2017,PHP
Inés,Galindo,Madrid,Spain,2017,JavaScript
Rubén,Sosa,Madrid,Spain,2018,JavaScript
Claudia,Román,Madrid,Spain,2018,Java
Marc,Saavedra,Madrid,Spain,2018,Java
Olivia,Rojo,Madrid,Spain,2018,JavaScript
Carlota,Batista,Madrid,Spain,2018,PHP
Álvaro,Arguello,Madrid,Spain,2018,PHP
Ane,Aguayo,Madrid,Spain,2018,JavaScript
Eric,Saldaña,Madrid,Spain,2018,PHP
Marina,Saldivar,Madrid,Spain,2018,PHP
Aleix,Caldera,Madrid,Spain,2018,Java
Angela,Garica,Madrid,Spain,2018,JavaScript
Juan,Vargas,Madrid,Spain,2018,PHP
Africa,Cotto,Madrid,Spain,2018,JavaScript
"José Antonio",Cuellar,Madrid,Spain,2018,Java
Asier,Rocha,Madrid,Spain,2018,Java
Fátima,Guajardo,Madrid,Spain,2018,JavaScript
Inés,Saavedra,Madrid,Spain,2018,PHP
Leyre,Quiñones,Madrid,Spain,2018,PHP
Antonio,Luján,Madrid,Spain,2018,Java
Nora,Amador,Madrid,Spain,2018,JavaScript
"Francisco Javier",Cuesta,Madrid,Spain,2018,PHP
Irene,Pacheco,Madrid,Spain,2018,PHP
Anna,Lorente,Madrid,Spain,2018,PHP
Valeria,Ros,Madrid,Spain,2018,Java
Cristian,Ocampo,Madrid,Spain,2018,PHP
Guillermo,Delapaz,Madrid,Spain,2019,PHP
Alexandra,Navarro,Madrid,Spain,2019,JavaScript
Víctor,Trujillo,Madrid,Spain,2019,JavaScript
Joan,Arce,Madrid,Spain,2019,JavaScript
Manuela,Lovato,Madrid,Spain,2019,Java
Mario,Arguello,Madrid,Spain,2019,JavaScript
Angela,Lorenzo,Madrid,Spain,2019,PHP
Rafael,Toledo,Madrid,Spain,2019,PHP
Erik,Balderas,Madrid,Spain,2019,JavaScript
Andrés,Murillo,Madrid,Spain,2019,Java
Ángel,Casado,Madrid,Spain,2019,JavaScript
Saúl,Bermúdez,Madrid,Spain,2019,JavaScript
Lola,Miranda,Madrid,Spain,2019,Java
Sofía,Mascareñas,Madrid,Spain,2019,PHP
Marcos,Tejada,Madrid,Spain,2019,JavaScript
Unai,Nevárez,Madrid,Spain,2019,JavaScript
Leire,Covarrubias,Madrid,Spain,2019,JavaScript
Jan,Escobedo,Madrid,Spain,2019,JavaScript
Víctor,Véliz,Madrid,Spain,2019,PHP
"Francisco Javier",Llamas,Madrid,Spain,2019,JavaScript
Jana,Uribe,Madrid,Spain,2019,Java
Berta,Salas,Madrid,Spain,2019,Java
Nora,Alfonso,Madrid,Spain,2019,PHP
Mireia,Delatorre,Madrid,Spain,2019,PHP
David,Vergara,Madrid,Spain,2019,PHP
