Agathe,Bazin,Toulouse,France,2017,JavaScript
Maurice,Munoz,Toulouse,France,2017,JavaScript
Michèle,Traore,Toulouse,France,2017,JavaScript
Aurélie,Becker,Toulouse,France,2018,JavaScript
Timothée,Henry,Toulouse,France,2018,JavaScript
Théodore,Gerard,Toulouse,France,2018,JavaScript
Maryse,Allain,Toulouse,France,2018,JavaScript
Philippe,Paris,Toulouse,France,2018,JavaScript
Henri,Guilbert,Toulouse,France,2018,JavaScript
Olivier,Dufour,Toulouse,France,2018,JavaScript
Alexandre,"Da Silva",Toulouse,France,2019,JavaScript
Mathilde,Descamps,Toulouse,France,2019,JavaScript
Céline,Fabre,Toulouse,France,2019,JavaScript
Raymond,Bouvet,Toulouse,France,2019,JavaScript
Danielle,Lecomte,Toulouse,France,2019,JavaScript
Noël,Noel,Toulouse,France,2019,JavaScript
Danielle,Perrin,Toulouse,France,2019,JavaScript
Éric,Meunier,Toulouse,France,2019,JavaScript
Claude,Samson,Toulouse,France,2019,JavaScript
Agathe,Bazin,Toulouse,France,2017,JavaScript
Maurice,Munoz,Toulouse,France,2017,JavaScript
Michèle,Traore,Toulouse,France,2017,JavaScript
Aurélie,Becker,Toulouse,France,2018,JavaScript
Timothée,Henry,Toulouse,France,2018,JavaScript
Théodore,Gerard,Toulouse,France,2018,JavaScript
Maryse,Allain,Toulouse,France,2018,JavaScript
Philippe,Paris,Toulouse,France,2018,JavaScript
Henri,Guilbert,Toulouse,France,2018,JavaScript
Olivier,Dufour,Toulouse,France,2018,JavaScript
Alexandre,"Da Silva",Toulouse,France,2019,JavaScript
Mathilde,Descamps,Toulouse,France,2019,JavaScript
Céline,Fabre,Toulouse,France,2019,JavaScript
Raymond,Bouvet,Toulouse,France,2019,JavaScript
Danielle,Lecomte,Toulouse,France,2019,JavaScript
Noël,Noel,Toulouse,France,2019,JavaScript
Danielle,Perrin,Toulouse,France,2019,JavaScript
Éric,Meunier,Toulouse,France,2019,JavaScript
Claude,Samson,Toulouse,France,2019,JavaScript
Emmanuelle,Mercier,Biarritz,France,2017,JavaScript
Thierry,Alexandre,Biarritz,France,2017,JavaScript
Édith,Turpin,Biarritz,France,2017,JavaScript
Chantal,Caron,Biarritz,France,2017,JavaScript
Pénélope,Paris,Biarritz,France,2017,JavaScript
Christelle,Vallet,Biarritz,France,2017,JavaScript
Daniel,Roy,Biarritz,France,2017,JavaScript
Théodore,Regnier,Biarritz,France,2018,JavaScript
Benjamin,Tanguy,Biarritz,France,2018,JavaScript
Arthur,Bruneau,Biarritz,France,2018,JavaScript
Sébastien,Ferreira,Biarritz,France,2018,JavaScript
Charlotte,Roche,Biarritz,France,2018,JavaScript
Colette,Bouvier,Biarritz,France,2018,JavaScript
Alfred,"Da Silva",Biarritz,France,2018,JavaScript
Vincent,Sanchez,Biarritz,France,2019,JavaScript
Yves,Marie,Biarritz,France,2019,JavaScript
Alphonse,Leleu,Biarritz,France,2019,JavaScript
Laurence,Lemaire,Biarritz,France,2019,JavaScript
Marcel,Olivier,Biarritz,France,2019,JavaScript
Victor,Lopez,Biarritz,France,2019,JavaScript
Michel,David,Biarritz,France,2019,JavaScript
Théodore,Bousquet,Biarritz,France,2019,JavaScript
Andrée,Berthelot,Biarritz,France,2019,JavaScript
Léon,Jacquet,Biarritz,France,2019,JavaScript
Laetitia,Schneider,Biarritz,France,2019,JavaScript
Thérèse,Guyot,Biarritz,France,2019,JavaScript
Emmanuelle,Mercier,Biarritz,France,2017,JavaScript
Thierry,Alexandre,Biarritz,France,2017,JavaScript
Édith,Turpin,Biarritz,France,2017,JavaScript
Chantal,Caron,Biarritz,France,2017,JavaScript
Pénélope,Paris,Biarritz,France,2017,JavaScript
Christelle,Vallet,Biarritz,France,2017,JavaScript
Daniel,Roy,Biarritz,France,2017,JavaScript
Théodore,Regnier,Biarritz,France,2018,JavaScript
Benjamin,Tanguy,Biarritz,France,2018,JavaScript
Arthur,Bruneau,Biarritz,France,2018,JavaScript
Sébastien,Ferreira,Biarritz,France,2018,JavaScript
Charlotte,Roche,Biarritz,France,2018,JavaScript
Colette,Bouvier,Biarritz,France,2018,JavaScript
Alfred,"Da Silva",Biarritz,France,2018,JavaScript
Vincent,Sanchez,Biarritz,France,2019,JavaScript
Yves,Marie,Biarritz,France,2019,JavaScript
Alphonse,Leleu,Biarritz,France,2019,JavaScript
Laurence,Lemaire,Biarritz,France,2019,JavaScript
Marcel,Olivier,Biarritz,France,2019,JavaScript
Victor,Lopez,Biarritz,France,2019,JavaScript
Michel,David,Biarritz,France,2019,JavaScript
Théodore,Bousquet,Biarritz,France,2019,JavaScript
Andrée,Berthelot,Biarritz,France,2019,JavaScript
Léon,Jacquet,Biarritz,France,2019,JavaScript
Laetitia,Schneider,Biarritz,France,2019,JavaScript
Thérèse,Guyot,Biarritz,France,2019,JavaScript
